Comment,Designator,Footprint,LCSC, DigiKey, LCSC, Description, Digikey, MPN, Manufacturer, Spec
"10nF","C1","Capacitor_SMD:C_0805_2012Metric","","","C83170","","","","",""
"100nF","C2,C76,C78,C19,C26,C33,C40,C47,C54,C61,C67,C6,C13,C20,C27,C34,C41,C48,C55,C62,C68,C7,C14,C21,C28,C35,C42,C49,C56,C63,C69,C8,C15,C22,C29,C36,C43,C50,C57,C64,C70,C9,C16,C23,C30,C37,C44,C51,C58,C65,C71,C10,C17,C24,C31,C38,C45,C52,C59,C66,C72,C11,C18,C25,C32,C39,C46,C53,C60,C5,C12,C3,C4,C75","Capacitor_SMD:C_0805_2012Metric","","","C38141","","","","",""
"22uF","C74,C73","Capacitor_SMD:C_0805_2012Metric","","","C86816","","","","",""
"10uF","C77","Capacitor_SMD:C_0805_2012Metric","","","C307523","","","","",""
"PRTR5V0U2X","D1","Package_TO_SOT_SMD:SOT-143","","","C330092","","","","",""
"Switching Diode","D12,D7,D2,D17,D22,D27,D32,D37,D42,D47,D52,D56,D60,D64,D66,D68,D69,D67,D65,D61,D57,D53,D48,D43,D3,D8,D13,D18,D23,D28,D33,D38,D39,D44,D49,D54,D58,D34,D29,D24,D19,D62,D63,D59,D55,D50,D14,D9,D4,D5,D10,D15,D6,D11,D16,D21,D26,D31,D36,D20,D25,D30,D35,D40,D45,D41,D46,D51","Diode_SMD:D_0805_2012Metric","","","C109001","","","","",""
"MBR120","D141,D140","Diode_SMD:D_SOD-123","","","C81143","","","","",""
"WS2812B","D71,D70","LED_SMD:LED_WS2812B_PLCC4_5.0x5.0mm_P3.2mm","","","C114585","","","","",""
"WS2812B","D86,D93,D100,D107,D114,D121,D128,D134,D73,D80,D87,D94,D101,D108,D115,D122,D129,D135,D74,D81,D88,D95,D102,D109,D116,D123,D130,D136,D75,D82,D89,D96,D103,D110,D117,D124,D131,D137,D76,D83,D90,D97,D104,D111,D118,D125,D132,D138,D77,D84,D91,D98,D105,D112,D119,D126,D133,D139,D78,D85,D92,D99,D106,D113,D120,D127,D72,D79","ws2812_inPCB:ws2812_inPCB","","","C114585","","","","",""
"120R/0.55A","FB2,FB3,FB1","Inductor_SMD:L_0402_1005Metric","","","C85812","","","","",""
"Conn_01x02_Male","J1","JST_PH_S2B-PH-SM4-TB_LF:JST_PH_S2B-PH-SM4-TB_LF__SN_",""," 455-1749-1-ND ","","","","","",""
"Conn_01x02_Female","J2,J7,J12,J17,J22,J27,J32,J37,J42,J49,J52,J56,J60,J64,J66,J68,J69,J67,J65,J61,J57,J53,J62,J58,J54,J50,J51,J43,J44,J38,J39,J33,J34,J28,J29,J23,J24,J18,J19,J13,J14,J8,J9,J3,J4,J5,J10,J15,J20,J25,J30,J35,J40,J45,J47,J55,J59,J63,J6,J11,J16,J21,J26,J31,J36,J41,J46,J48","Kailh:Kaihl_socket_CPG151101S11",""
"Conn_02x03_Odd_Even","J70","Connector:Tag-Connect_TC2030-IDC-NL_2x03_P1.27mm_Vertical",""
"22uH","L1","L_3x3_H1.5:L_3x3_H1.5","","","C285838","Power Inductors 22uH ±20% 650mA SMD,3x3x1.5mm","","LVS303015-220M-N","Chilisin Elec","SPEC"
"DMG2305","Q1","Package_TO_SOT_SMD:SOT-23","","","C144153","","","","",""
"5.1k","R1,R2","Resistor_SMD:R_0805_2012Metric","","","C84375","","","","",""
"0R","R3,R4","Resistor_SMD:R_0805_2012Metric","","","C96345","","","","",""
"100k","R5,R8,R9,R10","Resistor_SMD:R_0805_2012Metric","","","C96346","","","","",""
"6.5k","R6","Resistor_SMD:R_0805_2012Metric","","","C228968","","","","",""
"1k","R7","Resistor_SMD:R_0805_2012Metric","","","C140870","","","","",""
"EVQPUJ02K / EVQPUA02K","SW1","custom_footprints:Panasonic_EVQPUJ_EVQPUA","","P10851SCT-ND ","C128539","SWITCH TACTILE SPST-NO 0.05A 12V","P10851SCT-ND ","EVQ-PUJ02K","Panasonic Electronic Components","SPEC"
"USB_C","U1","USB_C_Receptacle_Amphenol_12401610E4-2A:USB_C_Receptacle_Amphenol_12401610E4-2A",""," 12401610E4#2ACT-ND ","","","","","",""
"nRF52840_som","U2","nrf52840_som:nrf52840_som",""
"MT3608","U3","Package_TO_SOT_SMD:SOT-23-6","","","C84817","","","","",""