Designator,Val,Package,Mid X,Mid Y,Rotation,Side
C3,100nF,C_0805_2012Metric,133.04,-163.622,180,bottom
C4,100nF,C_0805_2012Metric,93.147,-201.722,180,bottom
C5,100nF,C_0805_2012Metric,160.838,-147.772,0,bottom
C6,100nF,C_0805_2012Metric,190.571,-163.622,180,bottom
C7,100nF,C_0805_2012Metric,213.0985,-185.872,0,bottom
C8,100nF,C_0805_2012Metric,274.996,-147.772,0,bottom
C9,100nF,C_0805_2012Metric,171.5695,-163.622,180,bottom
C10,100nF,C_0805_2012Metric,69.667,-201.722,180,bottom
C11,100nF,C_0805_2012Metric,114.6885,-163.622,180,bottom
C12,100nF,C_0805_2012Metric,141.4705,-147.772,0,bottom
C13,100nF,C_0805_2012Metric,352.735,-125.5585,180,bottom
C14,100nF,C_0805_2012Metric,236.8325,-147.772,0,bottom
C15,100nF,C_0805_2012Metric,155.6795,-185.872,0,bottom
C16,100nF,C_0805_2012Metric,124.2135,-201.722,180,bottom
C17,100nF,C_0805_2012Metric,228.544,-163.622,180,bottom
C18,100nF,C_0805_2012Metric,152.725,-163.622,180,bottom
C19,100nF,C_0805_2012Metric,209.5575,-163.622,180,bottom
C20,100nF,C_0805_2012Metric,255.707,-147.772,0,bottom
C21,100nF,C_0805_2012Metric,117.8485,-185.872,0,bottom
C22,100nF,C_0805_2012Metric,84.765,-147.772,0,bottom
C23,100nF,C_0805_2012Metric,294.3,-147.772,0,bottom
C24,100nF,C_0805_2012Metric,333.416,-125.522,180,bottom
C25,100nF,C_0805_2012Metric,164.282,-201.722,180,bottom
C26,100nF,C_0805_2012Metric,122.4055,-147.772,0,bottom
C27,100nF,C_0805_2012Metric,67.732,-185.872,0,bottom
C28,100nF,C_0805_2012Metric,45.664,-201.722,180,bottom
C29,100nF,C_0805_2012Metric,267.0885,-163.622,180,bottom
C30,100nF,C_0805_2012Metric,318.684,-147.772,0,bottom
C31,100nF,C_0805_2012Metric,174.92,-185.872,0,bottom
C32,100nF,C_0805_2012Metric,217.734,-147.772,0,bottom
C33,100nF,C_0805_2012Metric,136.8985,-185.872,0,bottom
C34,100nF,C_0805_2012Metric,199.7785,-201.722,180,bottom
C35,100nF,C_0805_2012Metric,352.6865,-201.722,180,bottom
C36,100nF,C_0805_2012Metric,270.1215,-185.872,0,bottom
C37,100nF,C_0805_2012Metric,194.239,-185.872,0,bottom
C38,100nF,C_0805_2012Metric,103.449,-147.772,0,bottom
C39,100nF,C_0805_2012Metric,232.959,-125.6855,180,bottom
C40,100nF,C_0805_2012Metric,271.313,-125.5585,180,bottom
C41,100nF,C_0805_2012Metric,251.247,-185.872,0,bottom
C42,100nF,C_0805_2012Metric,179.634,-147.772,0,bottom
C43,100nF,C_0805_2012Metric,76.525,-163.622,180,bottom
C44,100nF,C_0805_2012Metric,247.848,-163.622,180,bottom
C45,100nF,C_0805_2012Metric,333.9875,-201.722,180,bottom
C46,100nF,C_0805_2012Metric,95.829,-163.622,180,bottom
C47,100nF,C_0805_2012Metric,251.755,-125.5585,180,bottom
C48,100nF,C_0805_2012Metric,199.0015,-147.772,0,bottom
C49,100nF,C_0805_2012Metric,232.085,-185.872,0,bottom
C50,100nF,C_0805_2012Metric,98.735,-185.872,0,bottom
C51,100nF,C_0805_2012Metric,315.016,-201.722,180,bottom
C52,100nF,C_0805_2012Metric,61.397,-147.772,0,bottom
C53,100nF,C_0805_2012Metric,300.015,-125.5585,180,bottom
C54,100nF,C_0805_2012Metric,156.789,-125.5585,180,bottom
C55,100nF,C_0805_2012Metric,214.29,-125.5585,180,bottom
C56,100nF,C_0805_2012Metric,297.363,-163.622,180,bottom
C57,100nF,C_0805_2012Metric,305.999,-185.872,0,bottom
C58,100nF,C_0805_2012Metric,50.0455,-163.622,180,bottom
C59,100nF,C_0805_2012Metric,194.7955,-125.4315,180,bottom
C60,100nF,C_0805_2012Metric,283.408,-201.722,180,bottom
C61,100nF,C_0805_2012Metric,346.766,-185.872,0,bottom
C62,100nF,C_0805_2012Metric,175.682,-125.6855,180,bottom
C63,100nF,C_0805_2012Metric,259.786,-201.722,180,bottom
C65,100nF,C_0805_2012Metric,137.3915,-125.5585,180,bottom
C66,100nF,C_0805_2012Metric,118.532,-125.5585,180,bottom
C67,100nF,C_0805_2012Metric,99.101,-125.5585,180,bottom
C68,100nF,C_0805_2012Metric,80.686,-125.5585,180,bottom
C69,100nF,C_0805_2012Metric,61.6995,-125.5585,180,bottom
C70,100nF,C_0805_2012Metric,43.348,-125.5585,180,bottom
C72,100nF,C_0805_2012Metric,235.5775,-201.722,180,bottom
C73,22uF,C_0805_2012Metric,310.3805,-171.088,0,bottom
D4,Switching Diode,D_0805_2012Metric,48.936,-167.913,180,bottom
D5,Switching Diode,D_0805_2012Metric,53.7135,-186.963,180,bottom
D6,Switching Diode,D_0805_2012Metric,44.125,-187.852,180,bottom
D9,Switching Diode,D_0805_2012Metric,75.1615,-167.913,180,bottom
D11,Switching Diode,D_0805_2012Metric,67.7,-188.5,180,bottom
D16,Switching Diode,D_0805_2012Metric,91.7985,-188.6,180,bottom
D26,Switching Diode,D_0805_2012Metric,226.624,-194.949,90,bottom
D59,Switching Diode,D_0805_2012Metric,291.8235,-186.963,180,bottom
D62,Switching Diode,D_0805_2012Metric,296.586,-167.913,180,bottom
FB1,120R/0.55A,L_0402_1005Metric,323.803,-127.494,90,bottom
FB2,120R/0.55A,L_0402_1005Metric,322.5,-127.484,90,bottom
J1,Conn_01x02_Male,JST_PH_S2B-PH-SM4-TB_LF__SN_,322.1,-155.4,180,bottom
R2,5.1k,R_0805_2012Metric,318.8,-125.9,180,bottom
R3,0R,R_0805_2012Metric,321.594,-143.979,90,bottom
R4,0R,R_0805_2012Metric,323.626,-143.979,90,bottom
R7,1k,R_0805_2012Metric,319.0165,-169.706,90,bottom
U1,USB_C,USB_C_Receptacle_Amphenol_12401610E4-2A,323.295,-105.748,0,bottom
U2,nRF52840_som,nrf52840_som,354.513,-155.848,270,bottom
U3,MT3608,SOT-23-6,314.5715,-171.596,180,bottom
