Designator,Val,Package,Mid X,Mid Y,Rotation,Side
C1,10nF,C_0805_2012Metric,328.125,-144.95,180,top
C2,100nF,C_0805_2012Metric,362.26,-176.422,0,top
C64,100nF,C_0805_2012Metric,360.99,-149.4345,180,top
C71,100nF,C_0805_2012Metric,345,-148.8,270,top
C74,22uF,C_0805_2012Metric,321.0485,-175.7235,180,top
C75,100nF,C_0805_2012Metric,325.6205,-183.915,270,top
C76,100nF,C_0805_2012Metric,328.125,-148.275,180,top
C77,10uF,C_0805_2012Metric,327.075,-136.7,180,top
C78,100nF,C_0805_2012Metric,327.075,-134.75,180,top
D1,PRTR5V0U2X,SOT-143,326.975,-139.475,0,top
D2,Switching Diode,D_0805_2012Metric,41.839,-129.813,180,top
D3,Switching Diode,D_0805_2012Metric,46.7135,-148.863,180,top
D7,Switching Diode,D_0805_2012Metric,60.889,-129.813,180,top
D8,Switching Diode,D_0805_2012Metric,70.399,-148.863,180,top
D10,Switching Diode,D_0805_2012Metric,84.6865,-186.963,180,top
D12,Switching Diode,D_0805_2012Metric,79.939,-129.813,180,top
D13,Switching Diode,D_0805_2012Metric,89.449,-148.863,180,top
D14,Switching Diode,D_0805_2012Metric,94.275,-167.913,180,top
D15,Switching Diode,D_0805_2012Metric,103.7365,-186.963,180,top
D17,Switching Diode,D_0805_2012Metric,98.974,-129.813,180,top
D18,Switching Diode,D_0805_2012Metric,108.499,-148.863,180,top
D19,Switching Diode,D_0805_2012Metric,113.2615,-167.913,180,top
D20,Switching Diode,D_0805_2012Metric,122.7865,-186.963,180,top
D21,Switching Diode,D_0805_2012Metric,155.758,-194.949,270,top
D22,Switching Diode,D_0805_2012Metric,118.024,-129.813,180,top
D23,Switching Diode,D_0805_2012Metric,127.549,-148.863,180,top
D24,Switching Diode,D_0805_2012Metric,132.3115,-167.913,180,top
D25,Switching Diode,D_0805_2012Metric,141.8365,-186.963,180,top
D27,Switching Diode,D_0805_2012Metric,137.074,-129.813,180,top
D28,Switching Diode,D_0805_2012Metric,146.6625,-148.863,180,top
D29,Switching Diode,D_0805_2012Metric,151.3615,-167.913,180,top
D30,Switching Diode,D_0805_2012Metric,160.8865,-186.963,180,top
D31,Switching Diode,D_0805_2012Metric,274.503,-186.47,270,top
D32,Switching Diode,D_0805_2012Metric,156.124,-129.813,180,top
D33,Switching Diode,D_0805_2012Metric,165.7125,-148.863,180,top
D34,Switching Diode,D_0805_2012Metric,170.4115,-167.913,180,top
D35,Switching Diode,D_0805_2012Metric,179.9365,-186.963,180,top
D36,Switching Diode,D_0805_2012Metric,281.6785,-187.105,270,top
D37,Switching Diode,D_0805_2012Metric,175.174,-129.813,180,top
D38,Switching Diode,D_0805_2012Metric,184.699,-148.863,180,top
D39,Switching Diode,D_0805_2012Metric,189.4615,-167.913,180,top
D40,Switching Diode,D_0805_2012Metric,198.9865,-186.963,180,top
D41,Switching Diode,D_0805_2012Metric,308.7295,-194.949,270,top
D42,Switching Diode,D_0805_2012Metric,194.224,-129.813,180,top
D43,Switching Diode,D_0805_2012Metric,203.749,-148.863,180,top
D44,Switching Diode,D_0805_2012Metric,208.5115,-167.913,180,top
D45,Switching Diode,D_0805_2012Metric,218.0365,-186.963,180,top
D46,Switching Diode,D_0805_2012Metric,332.654,-187.471,180,top
D47,Switching Diode,D_0805_2012Metric,213.274,-129.813,180,top
D48,Switching Diode,D_0805_2012Metric,222.799,-148.863,180,top
D49,Switching Diode,D_0805_2012Metric,227.5615,-167.913,180,top
D50,Switching Diode,D_0805_2012Metric,237.0865,-186.963,180,top
D51,Switching Diode,D_0805_2012Metric,351.704,-187.852,180,top
D52,Switching Diode,D_0805_2012Metric,232.324,-129.813,180,top
D53,Switching Diode,D_0805_2012Metric,241.849,-148.863,180,top
D54,Switching Diode,D_0805_2012Metric,246.6115,-167.913,180,top
D55,Switching Diode,D_0805_2012Metric,256.2,-186.963,180,top
D56,Switching Diode,D_0805_2012Metric,251.374,-129.813,180,top
D57,Switching Diode,D_0805_2012Metric,260.899,-148.863,180,top
D58,Switching Diode,D_0805_2012Metric,265.6615,-167.913,180,top
D60,Switching Diode,D_0805_2012Metric,270.424,-129.813,180,top
D61,Switching Diode,D_0805_2012Metric,280.0125,-148.863,180,top
D63,Switching Diode,D_0805_2012Metric,332.654,-167.913,180,top
D64,Switching Diode,D_0805_2012Metric,299.4435,-129.813,180,top
D65,Switching Diode,D_0805_2012Metric,303.8885,-148.863,180,top
D66,Switching Diode,D_0805_2012Metric,332.654,-129.813,180,top
D67,Switching Diode,D_0805_2012Metric,332.654,-148.863,180,top
D68,Switching Diode,D_0805_2012Metric,351.704,-129.813,180,top
D69,Switching Diode,D_0805_2012Metric,351.704,-148.863,180,top
D70,WS2812B,LED_WS2812B_PLCC4_5.0x5.0mm_P3.2mm,340.2255,-146.172,180,top
D71,WS2812B,LED_WS2812B_PLCC4_5.0x5.0mm_P3.2mm,359.2755,-146.172,180,top
D140,MBR120,D_SOD-123,320.35,-172.993,180,top
D141,MBR120,D_SOD-123,322.001,-183.026,180,top
FB3,120R/0.55A,L_0402_1005Metric,328.675,-146.6,180,top
Q1,DMG2305,SOT-23,322.0645,-179.216,90,top
R1,5.1k,R_0805_2012Metric,327.183,-131.979,270,top
R5,100k,R_0805_2012Metric,363.022,-172.1825,90,top
R6,6.5k,R_0805_2012Metric,321.859,-170.453,0,top
R8,100k,R_0805_2012Metric,318.3815,-183.9785,90,top
R9,100k,R_0805_2012Metric,343,-159.7,180,top
R10,100k,R_0805_2012Metric,343,-157.6,0,top
SW1,EVQPUJ02K / EVQPUA02K,Panasonic_EVQPUJ_EVQPUA,366.324,-176.676,270,top
